,Temperature,Humidity,Wind Speed,Cloudiness,Latitude,Longitude,Date,Country
0,71.64,23,8.05,52,16.77,-3.01,1575506744,ML
1,41.88,72,2.44,0,20.42,104.04,1575506744,LA
2,83.86,73,2.71,92,-5.67,132.75,1575506745,ID
3,78.76,10,11.54,0,-33.21,138.6,1575506745,AU
4,75.2,69,14.99,20,-0.74,-90.35,1575506745,EC
5,-41.8,57,4.47,87,65.95,111.51,1575506745,RU
6,55.0,93,1.57,90,39.13,-121.55,1575506745,US
7,61.0,73,13.0,0,-34.42,19.24,1575506745,ZA
8,-11.2,83,9.17,90,70.47,-68.59,1575506745,CA
9,21.2,57,9.17,0,65.61,-37.64,1575506746,GL
10,82.0,24,8.79,0,-33.64,115.35,1575506746,AU
11,88.36,41,6.17,0,-23.58,149.07,1575506746,AU
12,-5.19,86,18.63,100,59.58,151.3,1575506746,RU
13,51.33,90,2.89,100,-29.06,30.59,1575506746,ZA
14,78.8,74,7.56,90,22.08,-159.32,1575506747,US
15,39.99,74,8.05,90,41.14,-73.36,1575506747,US
16,79.47,74,2.35,86,-23.12,-134.97,1575506747,PF
17,64.72,85,7.07,89,-14.82,34.64,1575506747,MW
18,33.8,74,3.36,90,42.65,-73.75,1575506673,US
19,69.67,83,20.04,94,14.9,-24.5,1575506747,CV
20,80.6,78,14.99,0,-21.21,-159.78,1575506476,CK
21,26.6,92,8.95,75,69.2,33.45,1575506748,RU
22,12.06,84,15.1,100,72.79,-56.15,1575506748,GL
23,86.0,27,8.05,21,-31.65,116.67,1575506748,AU
24,40.1,50,2.68,43,27.62,119.06,1575506748,CN
25,10.4,72,18.34,17,69.22,-51.1,1575506748,GL
26,75.99,69,6.93,5,20.48,-89.36,1575506748,MX
27,18.34,85,16.67,100,69.38,178.42,1575506749,RU
28,57.2,87,18.34,90,-37.83,140.78,1575506454,AU
29,36.0,100,8.05,0,51.94,-0.88,1575506749,GB
30,75.0,88,3.36,20,-20.01,57.66,1575506749,MU
31,37.99,86,11.41,75,63.84,23.13,1575506749,FI
32,23.86,70,4.79,100,47.96,80.43,1575506750,KZ
33,-25.6,74,6.93,75,62.45,-114.38,1575506750,CA
34,48.2,70,34.45,20,-53.16,-70.91,1575506750,CL
35,46.4,65,2.24,75,35.73,140.83,1575506750,JP
36,67.41,32,6.13,32,18.9,-3.53,1575506750,ML
37,82.6,77,3.27,79,-2.67,141.3,1575506750,PG
38,77.0,6,2.24,5,23.99,-104.67,1575506750,MX
39,51.28,94,1.68,89,8.96,38.73,1575506751,ET
40,64.99,72,2.24,36,-22.95,14.51,1575506751,NA
41,78.8,100,6.93,75,-0.12,-51.29,1575506751,BR
42,77.99,88,0.51,94,-2.68,111.62,1575506751,ID
43,44.6,66,6.93,1,39.95,-94.76,1575506751,US
44,24.71,37,8.08,100,60.14,-45.24,1575506751,GL
45,75.25,87,5.23,87,0.61,-80.02,1575506752,EC
46,50.0,65,27.51,75,-54.81,-68.31,1575506752,AR
47,35.6,80,23.04,75,63.84,-22.43,1575506752,IS
48,-5.6,96,8.28,100,73.51,80.55,1575506752,RU
49,68.45,88,4.88,100,-17.48,16.34,1575506752,NA
50,69.57,89,4.45,25,-0.92,100.36,1575506677,ID
51,82.85,67,1.07,100,0.54,123.06,1575506752,ID
52,54.0,100,8.05,90,40.6,-124.16,1575506753,US
53,5.0,84,2.24,90,58.52,-117.13,1575506753,CA
54,36.0,74,9.17,90,41.7,-71.42,1575506753,US
55,60.91,46,7.02,100,29.03,21.55,1575506753,LY
56,-25.6,74,4.7,40,65.28,-126.83,1575506754,CA
57,-4.58,73,4.7,0,77.48,-69.36,1575506754,GL
58,74.59,97,0.81,98,-7.96,38.99,1575506754,TZ
59,76.89,75,4.76,100,18.03,73.02,1575506754,IN
60,62.01,78,5.01,71,-33.59,26.89,1575506754,ZA
61,22.66,97,3.6,99,58.33,44.76,1575506754,RU
62,-10.28,86,4.59,96,47.72,128.88,1575506755,CN
63,82.4,78,9.17,20,6.8,-58.16,1575506649,GY
64,61.0,38,4.7,75,28.39,-105.62,1575506755,MX
65,67.19,97,8.14,77,-20.86,-46.39,1575506755,BR
66,82.4,94,2.01,75,15.74,-96.47,1575506514,MX
67,72.0,1,2.82,98,-27.05,-49.52,1575506755,BR
68,70.86,93,2.66,73,0.05,18.26,1575506756,CD
69,64.4,39,23.04,75,-42.78,147.06,1575506588,AU
70,15.48,94,6.93,100,58.33,68.13,1575506756,RU
71,73.72,84,29.57,60,-22.97,-42.02,1575506756,BR
72,84.0,83,4.7,40,14.29,120.72,1575506756,PH
73,36.77,93,10.07,100,57.35,36.05,1575506756,RU
74,58.75,50,14.61,100,-46.19,168.86,1575506756,NZ
75,64.02,97,2.28,96,-2.08,101.38,1575506757,ID
76,58.42,96,0.43,100,-3.48,29.48,1575506623,BI
77,72.64,40,8.37,0,-34.72,135.86,1575506757,AU
78,21.2,79,5.82,1,42.83,-108.73,1575506757,US
79,67.24,98,2.35,39,15.08,-85.56,1575506757,HN
80,64.4,59,14.99,0,20.93,-17.03,1575506757,MR
81,51.8,46,18.43,0,-30.97,22.13,1575506758,ZA
82,80.29,66,10.07,9,-9.8,-139.03,1575506758,PF
83,64.51,50,2.82,0,25.02,37.27,1575506758,SA
84,50.18,56,1.99,0,33.6,56.92,1575506758,IR
85,64.4,59,13.87,1,-34.53,20.04,1575506758,ZA
86,63.57,56,3.51,99,-33.02,27.91,1575506759,ZA
87,82.56,79,8.39,100,-0.6,73.08,1575506613,MV
88,55.4,68,5.82,1,36.73,-91.85,1575506759,US
89,14.0,72,12.75,90,63.75,-68.52,1575506759,CA
90,45.0,60,9.17,1,39.0,-77.4,1575506632,US
91,-39.84,98,3.44,7,71.97,114.09,1575506759,RU
92,85.08,72,9.24,68,3.07,172.79,1575506760,KI
93,62.6,77,9.17,90,-33.86,121.89,1575506760,AU
94,69.1,61,13.53,34,26.54,-77.06,1575506760,BS
95,16.61,60,1.77,26,49.74,84.27,1575506760,KZ
96,-9.69,73,6.76,0,46.68,113.28,1575506760,MN
97,10.0,97,4.03,99,60.91,61.52,1575506760,RU
98,78.8,78,9.17,20,5.99,102.3,1575506761,MY
99,23.0,100,6.93,0,44.26,28.34,1575506761,RO
100,64.0,55,8.05,0,-33.93,18.42,1575506512,ZA
101,80.35,61,2.19,35,-6.22,-57.76,1575506761,BR
102,69.8,83,16.11,1,-13.71,-76.2,1575506761,PE
103,75.2,73,6.93,90,19.71,-155.08,1575506601,US
104,42.8,56,17.22,75,39.62,-77.74,1575506761,US
105,5.0,84,4.7,1,60.79,-161.76,1575506762,US
106,-2.2,77,1.5,90,64.86,-147.8,1575506762,US
107,74.93,90,15.48,75,-22.35,-60.04,1575506762,PY
108,66.2,88,10.45,53,15.34,74.49,1575506762,IN
109,77.36,86,3.65,99,-13.68,48.45,1575506762,MG
110,14.0,85,6.93,90,55.74,-97.86,1575506762,CA
111,79.88,77,10.07,73,21.46,-71.14,1575506763,TC
112,84.49,69,2.75,32,-3.66,152.44,1575506465,PG
113,84.2,70,6.93,74,5.66,-67.63,1575506763,CO
114,75.47,49,4.5,2,-20.3,44.28,1575506763,MG
115,64.4,38,7.92,1,30.3,-99.24,1575506763,US
116,87.96,65,1.12,10,-6.12,141.3,1575506763,PG
117,65.08,28,2.55,0,-28.55,16.43,1575506764,ZA
118,8.6,92,3.36,90,58.81,-122.69,1575506764,CA
119,81.82,78,5.08,100,0.53,72.93,1575506764,MV
120,55.87,59,17.16,52,29.96,122.3,1575506764,CN
121,-6.11,78,4.85,33,66.15,-65.72,1575506764,CA
122,75.0,88,3.36,20,-20.34,57.76,1575506764,MU
123,72.0,44,6.13,71,27.97,-114.04,1575506764,MX
124,82.4,54,13.87,75,21.32,-158.01,1575506765,US
125,76.14,86,1.72,98,-7.53,-46.04,1575506765,BR
126,80.24,83,8.1,67,4.14,96.13,1575506765,ID
127,17.2,51,6.22,27,35.32,102.79,1575506765,CN
128,70.77,81,7.81,99,10.35,107.08,1575506765,VN
129,50.36,78,9.26,83,-38.31,-60.23,1575506765,AR
130,86.27,61,0.63,90,-3.36,135.5,1575506766,ID
131,55.4,58,1.45,20,17.54,44.22,1575506766,SA
132,53.6,76,10.29,92,-42.48,-73.76,1575506766,CL
133,37.8,90,26.69,100,66.2,13.02,1575506766,NO
134,75.0,88,3.36,20,-20.41,57.7,1575506766,MU
135,85.08,50,7.87,39,3.38,-59.8,1575506766,GY
136,25.29,85,34.94,100,63.05,179.32,1575506767,RU
137,32.58,87,4.34,32,36.14,49.22,1575506767,IR
138,64.4,39,23.04,75,-42.88,147.33,1575506728,AU
139,33.8,86,4.7,40,44.65,-63.58,1575506499,CA
140,19.4,95,10.92,96,51.16,55.0,1575506767,RU
141,64.94,98,4.32,59,-24.01,-48.35,1575506767,BR
142,84.2,74,5.82,75,-19.55,169.27,1575506768,VU
143,63.0,26,3.36,1,29.56,-104.41,1575506768,US
144,35.01,74,14.99,90,44.76,-85.62,1575506707,US
145,82.4,65,4.7,63,10.15,-85.45,1575506702,CR
146,64.4,39,23.04,75,-43.03,147.26,1575506768,AU
147,20.86,36,7.38,42,39.73,98.49,1575506768,CN
148,-18.18,99,3.31,100,63.75,121.63,1575506769,RU
149,70.54,75,5.17,0,21.28,-88.27,1575506769,MX
150,57.2,67,5.82,20,37.73,-25.67,1575506769,PT
151,28.4,92,2.75,75,47.91,-97.06,1575506769,US
152,42.8,80,4.7,75,39.31,-74.98,1575506769,US
153,78.8,94,1.12,75,1.24,111.46,1575506769,MY
154,72.79,77,18.97,90,-23.87,35.38,1575506770,MZ
155,23.56,85,5.7,48,50.68,156.12,1575506770,RU
156,83.39,74,9.57,97,10.57,72.64,1575506770,IN
157,16.05,76,17.63,89,65.42,-52.9,1575506770,GL
158,74.48,93,2.19,99,-4.12,104.17,1575506770,ID
159,83.57,72,3.71,51,-2.02,147.27,1575506770,PG
160,79.0,69,16.11,40,20.89,-156.47,1575506771,US
161,71.71,15,4.61,11,18.74,7.39,1575506771,NE
162,33.8,92,16.11,40,70.86,29.09,1575506771,NO
163,-11.34,93,12.19,100,70.62,147.9,1575506771,RU
164,50.0,61,26.4,40,35.03,136.69,1575506771,JP
165,-30.19,100,3.04,100,71.64,128.87,1575506772,RU
166,71.6,28,17.22,100,-43.15,172.73,1575506772,NZ
167,53.01,46,9.17,75,35.74,139.53,1575506772,JP
168,28.4,74,43.62,75,78.22,15.63,1575506772,NO
169,48.0,93,2.24,70,44.2,0.62,1575506772,FR
170,58.68,71,2.06,90,38.52,-28.7,1575506772,PT
171,90.0,66,8.05,40,-16.99,145.42,1575506773,AU
172,45.84,84,8.68,100,-45.41,167.72,1575506773,NZ
173,62.6,77,6.93,75,22.62,120.31,1575506767,TW
174,57.2,47,9.17,0,27.21,60.69,1575506773,IR
175,53.6,76,10.29,74,-41.87,-73.83,1575506773,CL
176,57.2,58,3.36,40,-45.58,-72.07,1575506683,CL
177,46.4,60,9.17,1,38.9,-77.04,1575506649,US
178,-19.71,99,1.97,98,69.3,139.9,1575506774,RU
179,68.43,79,10.42,59,-31.77,-52.34,1575506623,BR
180,82.0,90,1.66,97,-0.86,131.25,1575506774,ID
181,-2.76,86,1.41,0,69.7,170.27,1575506774,RU
182,-5.8,83,23.04,75,69.44,-133.03,1575506774,CA
183,12.16,83,22.12,100,61.92,159.24,1575506775,RU
184,39.99,93,13.42,90,59.7,30.79,1575506775,RU
185,75.99,78,11.41,20,22.89,-109.91,1575506707,MX
186,89.6,70,10.29,42,-20.31,118.58,1575506775,AU
187,54.0,40,8.05,1,33.19,-82.53,1575506775,US
188,83.79,64,14.2,4,11.28,-15.83,1575506775,GW
189,39.99,80,4.7,90,40.88,-72.94,1575506775,US
190,81.64,81,1.41,52,11.26,124.97,1575506776,PH
191,77.16,87,1.43,100,-7.37,108.54,1575506776,ID
192,22.01,96,4.68,99,57.86,47.12,1575506776,RU
193,69.85,73,25.03,100,15.12,108.8,1575506510,VN
194,71.2,89,15.79,38,-30.17,-50.22,1575506776,BR
195,83.7,59,3.94,43,-21.7,-57.88,1575506777,BR
196,84.92,74,9.44,93,-9.65,120.26,1575506777,ID
197,80.33,50,1.21,91,-8.93,125.41,1575506777,TL
198,68.0,38,7.72,88,-46.43,-67.52,1575506777,AR
199,76.42,87,4.05,100,17.54,120.52,1575506777,PH
200,82.0,73,4.0,97,8.0,124.29,1575506777,PH
201,42.8,87,3.36,75,41.57,35.91,1575506777,TR
202,18.46,89,27.11,100,49.08,142.06,1575506778,RU
203,18.01,94,12.1,74,51.2,49.73,1575506778,RU
204,62.6,100,19.46,75,24.34,124.16,1575506778,JP
205,35.01,80,4.7,20,46.36,-62.25,1575506693,CA
206,48.2,81,10.29,40,36.36,6.61,1575506778,DZ
207,48.99,70,8.05,100,41.77,12.23,1575506778,IT
208,41.0,68,2.24,90,38.02,46.58,1575506779,IR
209,28.0,88,1.99,91,50.46,-105.81,1575506779,CA
210,-2.2,77,1.39,90,64.84,-147.72,1575506745,US
211,51.22,60,2.42,44,34.93,43.49,1575506779,IQ
212,37.4,89,10.29,90,43.26,-79.87,1575506768,CA
213,68.0,56,6.93,0,25.29,51.53,1575506574,QA
214,65.61,80,4.34,15,-11.1,-77.61,1575506780,PE
215,43.88,73,43.53,100,67.67,12.69,1575506780,NO
216,80.96,69,18.84,5,11.67,92.75,1575506749,IN
217,44.6,87,4.7,90,39.45,22.34,1575506780,GR
218,63.03,32,5.88,0,-33.3,-66.34,1575506780,AR
219,62.6,82,2.24,0,17.63,100.1,1575506780,TH
220,18.36,95,4.88,72,56.26,83.98,1575506781,RU
221,53.11,37,3.0,0,27.93,96.16,1575506781,IN
222,33.01,99,4.7,90,45.36,-73.48,1575506781,CA
223,4.77,83,4.25,57,67.55,63.78,1575506781,RU
224,-11.2,76,9.17,75,68.22,-135.01,1575506781,CA
225,1.4,77,15.66,75,69.49,88.39,1575506781,RU
226,39.27,78,4.59,59,41.42,-6.55,1575506702,PT
227,51.01,61,10.29,75,33.93,134.5,1575506500,JP
228,82.4,75,15.82,63,-1.2,-46.02,1575506782,BR
229,62.6,38,4.7,1,31.06,-97.46,1575506782,US
230,68.0,18,8.14,3,13.34,7.75,1575506782,NE
231,19.4,100,3.02,1,53.59,-116.44,1575506782,CA
232,22.15,41,4.43,97,47.83,88.13,1575506783,CN
233,78.8,57,17.22,40,16.62,-93.08,1575506783,MX
234,42.8,75,4.7,70,39.09,63.58,1575506783,TM
235,-29.07,80,9.44,0,71.98,102.47,1575506783,RU
236,-9.47,90,5.28,73,64.27,100.22,1575506500,RU
237,36.16,95,10.38,100,54.43,31.9,1575506783,RU
238,79.86,66,16.55,100,7.98,49.82,1575506784,SO
239,80.55,81,20.04,3,13.22,-59.52,1575506784,BB
240,35.6,88,4.7,20,50.7,-127.42,1575506784,CA
241,69.87,87,14.25,27,-5.56,-80.82,1575506784,PE
242,86.2,62,4.29,100,-4.94,122.53,1575506784,ID
243,41.0,80,4.7,40,41.71,15.73,1575506784,IT
244,62.6,93,9.17,90,28.66,-17.92,1575506785,ES
245,93.2,7,13.87,41,-20.73,139.49,1575506785,AU
246,37.0,100,5.82,90,62.6,29.76,1575506785,FI
247,72.61,37,7.49,0,13.52,35.76,1575506785,SD
248,65.5,81,4.76,100,-10.07,-78.15,1575506785,PE
249,38.39,77,7.29,0,40.61,20.1,1575506785,AL
250,74.75,82,1.9,100,-12.74,-60.15,1575506646,BR
251,39.0,100,3.36,100,45.33,8.42,1575506786,IT
252,69.33,65,15.7,100,-28.77,32.06,1575506786,ZA
253,64.6,81,7.74,99,-33.69,-53.46,1575506786,UY
254,73.71,94,3.06,100,17.41,121.44,1575506786,PH
255,55.4,62,3.36,0,24.63,46.72,1575506630,SA
256,73.26,15,8.41,0,16.28,-0.04,1575506787,ML
257,55.4,37,3.36,1,34.72,-81.62,1575506787,US
258,40.77,37,5.14,98,33.01,114.02,1575506787,CN
259,30.99,80,4.7,20,46.23,-63.13,1575506787,CA
260,59.0,93,6.26,64,36.62,-121.92,1575506787,US
261,70.84,24,3.42,10,9.45,18.94,1575506788,TD
262,24.46,96,0.94,100,27.34,103.71,1575506788,CN
263,48.0,93,5.82,61,37.14,-8.45,1575506788,PT
264,46.4,75,34.45,100,60.4,-1.35,1575506788,GB
265,76.08,57,12.93,16,-26.98,-56.83,1575506788,PY
266,30.99,86,5.82,75,46.95,15.89,1575506788,AT
267,35.6,74,2.53,90,40.74,-114.07,1575506789,US
268,21.76,77,2.13,74,38.42,77.24,1575506789,CN
269,57.2,67,5.82,20,37.72,-25.43,1575506789,PT
270,3.92,39,22.21,0,42.43,130.64,1575506789,RU
271,79.75,72,10.02,61,8.12,-63.55,1575506789,VE
272,72.75,83,9.78,100,-6.22,-36.02,1575506789,BR
273,48.42,91,3.49,98,-46.13,167.69,1575506790,NZ
274,78.8,88,10.67,75,5.28,115.24,1575506638,BN
275,79.45,74,1.45,96,-7.95,110.28,1575506790,ID
276,75.07,96,3.56,99,2.77,-77.67,1575506790,CO
277,57.2,87,9.17,0,-29.95,-71.34,1575506790,CL
278,66.96,25,9.06,47,20.2,1.01,1575506582,ML
279,14.22,79,16.22,83,65.58,-170.99,1575506790,RU
280,82.4,73,2.06,100,7.99,117.06,1575506791,PH
281,64.38,78,1.61,16,-19.16,46.8,1575506791,MG
282,-7.64,85,2.86,75,68.75,161.3,1575506791,RU
283,42.8,100,14.99,90,59.95,10.8,1575506791,NO
284,50.0,78,5.55,74,39.25,-8.01,1575506791,PT
285,67.55,99,1.12,100,-3.52,23.6,1575506791,CD
286,66.34,87,3.58,100,-10.68,35.65,1575506792,TZ
287,48.99,56,6.93,20,36.85,-75.98,1575506577,US
288,27.43,94,11.54,100,51.1,66.31,1575506792,KZ
289,80.6,83,4.7,90,4.94,-52.33,1575506669,GF
290,82.36,76,4.36,75,-3.31,129.0,1575506792,ID
291,83.48,19,14.9,0,-33.14,148.18,1575506793,AU
292,53.01,53,4.7,1,33.33,-83.39,1575506793,US
293,56.75,63,14.16,47,-46.28,169.85,1575506793,NZ
294,34.0,89,18.01,100,43.74,-81.71,1575506712,CA
295,25.23,92,16.6,100,54.06,44.9,1575506793,RU
296,79.39,79,3.74,87,-3.77,-49.67,1575506790,BR
297,37.4,69,5.82,1,44.37,-100.35,1575506793,US
298,7.16,94,11.12,99,64.92,77.78,1575506794,RU
299,23.0,79,13.42,100,52.04,76.93,1575506794,KZ
300,11.52,94,6.82,100,65.11,57.05,1575506794,RU
301,30.24,97,2.24,98,27.44,104.87,1575506794,CN
302,62.01,33,6.93,1,32.45,-99.73,1575506794,US
303,-13.67,97,10.56,100,67.46,153.71,1575506794,RU
304,69.46,16,6.98,0,13.03,5.27,1575506795,NG
305,68.0,82,8.05,18,-8.17,-79.01,1575506795,PE
306,68.0,68,18.34,75,34.92,32.53,1575506795,CY
307,9.23,68,5.3,24,36.62,101.77,1575506795,CN
308,53.29,39,3.13,0,21.91,110.85,1575506795,CN
309,84.87,70,9.57,97,-10.46,161.92,1575506796,SB
310,71.24,82,4.45,15,-15.19,12.15,1575506796,AO
311,53.6,58,5.19,41,34.2,-90.57,1575506796,US
312,37.4,69,8.05,1,47.11,-104.71,1575506796,US
313,82.26,80,18.28,82,7.42,81.82,1575506796,LK
314,74.17,89,4.63,22,4.47,97.97,1575506797,ID
315,61.0,82,10.29,75,34.15,-119.2,1575506797,US
316,30.2,92,2.24,20,42.2,22.33,1575506723,MK
317,14.0,78,9.17,90,49.72,-86.95,1575506797,CA
318,66.49,77,2.64,83,5.65,37.37,1575506797,ET
319,30.99,80,13.85,90,43.66,-70.25,1575506324,US
320,19.4,62,24.61,75,64.42,-173.23,1575506798,RU
321,68.14,98,1.12,100,-6.75,23.95,1575506798,CD
322,35.92,94,9.35,100,57.88,35.0,1575506798,RU
323,80.02,69,2.3,16,-9.91,-63.03,1575506798,BR
324,80.6,78,9.17,5,20.71,-105.21,1575506799,MX
325,24.8,45,8.05,20,42.84,143.34,1575506799,JP
326,84.2,70,9.17,40,16.86,-99.88,1575506799,MX
327,39.99,81,1.99,90,52.66,23.48,1575506799,PL
328,41.0,86,17.22,75,59.76,18.7,1575506799,SE
329,60.73,67,3.91,0,22.93,57.53,1575506799,OM
330,70.18,85,1.36,85,-32.03,-52.1,1575506800,BR
331,35.6,89,3.36,90,44.08,-80.2,1575506800,CA
332,28.4,19,5.82,1,37.57,126.98,1575506505,KR
333,-1.41,97,4.38,100,60.75,-137.51,1575506800,CA
334,91.4,49,4.7,100,-15.77,128.74,1575506800,AU
335,77.0,94,3.36,75,-1.76,-48.8,1575506800,BR
336,38.25,97,12.71,71,59.1,26.19,1575506801,EE
337,51.01,51,11.77,80,37.17,-99.65,1575506801,US
338,59.2,97,3.8,98,-14.92,13.49,1575506801,AO
339,65.91,80,7.45,100,-19.25,17.72,1575506801,NA
340,55.4,87,2.98,1,30.37,-88.56,1575506801,US
341,17.65,84,11.65,100,68.05,39.51,1575506801,RU
342,15.8,78,29.08,40,64.73,177.51,1575506802,RU
343,75.2,100,5.82,75,6.12,81.12,1575506802,LK
344,57.2,67,5.82,20,37.77,-25.7,1575506802,PT
345,19.4,73,6.93,90,54.27,-110.74,1575506712,CA
346,82.99,15,9.17,0,-30.33,149.78,1575506802,AU
347,84.2,66,12.75,75,-19.8,-174.35,1575506802,TO
348,54.0,83,11.01,81,-38.55,-58.74,1575506803,AR
349,82.4,17,12.75,0,-32.25,148.6,1575506803,AU
350,42.8,87,3.36,75,41.2,36.72,1575506803,TR
351,78.46,79,12.91,47,19.1,37.33,1575506803,SD
352,63.0,59,3.98,1,30.04,-94.42,1575506803,US
353,45.0,93,3.0,100,42.87,1.37,1575506803,FR
354,78.44,84,4.0,73,-16.23,39.91,1575506803,MZ
355,28.69,92,16.53,100,52.32,38.35,1575506804,RU
356,82.4,65,9.17,75,21.44,-157.84,1575506804,US
357,41.0,86,31.09,90,47.66,-52.73,1575506804,CA
358,12.2,72,11.41,90,55.1,-105.3,1575506804,CA
359,77.0,69,5.82,75,21.09,72.71,1575506804,IN
360,10.4,72,18.34,17,68.82,-51.19,1575506805,GL
361,78.8,26,3.36,0,-32.49,137.76,1575506805,AU
362,39.2,71,13.87,76,63.18,14.64,1575506805,SE
363,59.0,93,3.36,75,0.5,35.74,1575506805,KE
364,-29.52,95,4.74,100,66.77,123.37,1575506805,RU
365,33.8,64,6.71,40,42.25,47.39,1575506805,RU
366,23.0,92,3.36,90,49.78,-74.86,1575506806,CA
367,66.2,72,3.36,20,22.29,-79.63,1575506806,CU
368,35.6,80,8.05,0,51.3,6.85,1575506806,DE
369,57.2,35,31.09,40,-51.62,-69.22,1575506806,AR
370,5.56,96,6.26,100,66.56,67.8,1575506806,RU
371,48.99,65,2.24,100,41.89,12.48,1575506806,IT
372,56.7,95,3.0,0,26.0,92.85,1575506807,IN
373,67.1,92,0.83,24,16.79,-98.24,1575506807,MX
374,49.3,66,27.78,100,-17.6,-67.51,1575506807,BO
375,48.36,80,3.02,100,28.78,105.09,1575506807,CN
376,71.01,56,8.01,18,-39.94,176.59,1575506808,NZ
377,68.0,70,3.71,47,18.05,78.27,1575506808,IN
378,67.77,99,3.91,60,-5.25,14.87,1575506808,CD
379,86.0,70,10.0,6,-13.87,-171.6,1575506808,WS
380,74.37,85,17.38,77,-21.64,-41.05,1575506808,BR
381,86.0,9,26.4,0,-34.58,150.85,1575506808,AU
382,83.17,71,8.95,29,-16.7,-151.02,1575506809,PF
383,80.69,80,16.15,53,5.38,-52.96,1575506809,GF
384,89.6,8,11.41,0,-23.7,133.88,1575506766,AU
385,32.31,87,8.5,94,48.68,71.64,1575506809,KZ
386,50.0,81,3.36,20,37.47,-4.43,1575506809,ES
387,-6.65,64,7.49,0,45.84,123.2,1575506809,CN
388,71.69,52,2.95,63,25.72,-79.3,1575506809,BS
389,76.96,79,3.51,87,-14.4,-56.44,1575506810,BR
390,37.15,82,3.36,100,38.5,42.28,1575506810,TR
391,71.58,69,3.4,5,3.52,39.05,1575506810,ET
392,-3.15,87,3.04,96,49.98,92.07,1575506810,MN
393,69.62,47,3.49,2,9.58,8.3,1575506810,NG
394,65.46,93,3.29,100,-3.83,32.6,1575506810,TZ
395,80.15,77,13.09,98,-8.9,-35.15,1575506811,BR
396,6.8,77,2.24,0,36.55,104.13,1575506811,CN
397,74.5,97,1.23,98,2.02,112.94,1575506811,MY
398,30.0,100,3.36,0,48.95,9.43,1575506811,DE
399,68.32,50,4.45,76,25.26,63.48,1575506811,PK
400,29.07,67,1.59,91,44.17,80.0,1575506812,KZ
401,67.73,97,7.23,91,-20.63,-46.0,1575506812,BR
402,84.99,18,14.99,0,-32.72,152.14,1575506812,AU
403,54.25,70,12.41,57,-45.87,170.5,1575506812,NZ
404,78.8,94,3.27,20,5.88,-10.05,1575506812,LR
405,34.0,100,4.7,0,52.12,9.98,1575506812,DE
406,35.6,100,11.41,90,60.57,27.2,1575506813,FI
407,-5.49,90,8.9,90,49.24,135.18,1575506813,RU
408,71.47,73,6.93,98,-1.99,32.93,1575506813,TZ
409,3.9,98,2.46,80,63.37,47.92,1575506813,RU
410,38.62,73,21.34,100,43.18,51.68,1575506813,KZ
411,89.01,61,10.36,46,-19.58,147.4,1575506813,AU
412,51.55,87,6.85,9,-34.0,24.73,1575506814,ZA
413,41.0,80,9.17,1,41.47,-87.06,1575506661,US
414,64.99,61,1.01,51,30.54,-111.12,1575506814,MX
415,61.0,82,10.29,90,34.64,-120.46,1575506814,US
416,82.76,73,6.38,62,-10.62,150.67,1575506814,PG
417,67.14,83,7.11,21,20.46,94.87,1575506814,MM
418,41.0,86,5.82,95,45.6,-0.6,1575506815,FR
419,42.6,57,4.09,0,33.0,118.51,1575506815,CN
420,55.89,37,1.43,0,32.61,70.91,1575506815,PK
421,68.07,84,3.98,85,-17.91,19.77,1575506815,NA
422,42.8,70,9.17,1,40.03,-88.57,1575506815,US
423,32.0,90,2.24,0,50.14,4.75,1575506815,BE
424,66.99,88,5.82,1,28.61,-96.63,1575506815,US
425,73.24,29,8.95,80,13.47,14.72,1575506816,TD
426,33.8,100,11.18,90,55.97,37.87,1575506816,RU
427,77.05,93,2.57,100,-0.58,117.09,1575506816,ID
428,25.0,83,3.0,94,52.44,-109.15,1575506816,CA
429,47.79,94,3.87,98,-31.33,27.85,1575506817,ZA
430,82.76,72,10.04,60,-16.48,-151.75,1575506817,PF
431,41.0,65,6.71,78,30.93,113.57,1575506817,CN
432,80.01,85,23.0,100,5.67,73.0,1575506817,MV
433,12.38,95,6.06,100,59.43,62.35,1575506817,RU
434,67.39,72,9.93,100,-24.71,33.88,1575506817,MZ
435,73.4,64,8.05,71,-21.15,55.28,1575506818,RE
436,39.2,93,25.28,98,68.38,17.6,1575506818,NO
437,69.87,95,4.03,21,1.74,98.78,1575506818,ID
438,44.01,100,11.41,75,63.83,10.7,1575506818,NO
439,74.03,75,10.4,99,-15.18,35.3,1575506818,MW
440,65.41,27,11.7,0,31.21,16.59,1575506818,LY
441,76.95,76,7.38,83,5.35,48.53,1575506819,SO
442,75.2,73,3.36,75,3.17,-76.26,1575506819,CO
443,84.72,72,9.69,73,-8.15,159.59,1575506819,SB
444,79.68,87,21.39,100,6.88,73.1,1575506819,MV
445,57.63,72,6.38,0,-34.05,23.37,1575506819,ZA
446,73.4,31,13.87,0,-36.12,146.89,1575506819,AU
447,70.57,61,10.38,100,-26.79,-60.44,1575506820,AR
448,15.8,33,5.82,95,60.91,-46.05,1575506820,GL
449,35.6,80,27.51,100,62.23,-6.59,1575506820,FO
450,57.97,62,2.13,12,9.5,35.5,1575506820,ET
451,79.45,74,1.45,96,-7.94,110.25,1575506820,ID
452,58.32,86,4.16,83,-34.48,-54.34,1575506820,UY
453,41.0,99,1.99,67,58.59,24.78,1575506821,EE
454,30.0,100,8.05,90,50.43,10.73,1575506821,DE
455,-5.8,76,3.36,75,63.59,-135.9,1575506821,CA
456,8.67,95,6.89,92,58.36,82.83,1575506821,RU
457,35.6,93,17.22,75,61.48,23.51,1575506821,FI
458,67.37,90,4.05,47,12.92,-85.84,1575506821,NI
459,82.4,83,4.7,5,14.31,-90.97,1575506822,GT
460,70.84,64,19.73,35,32.38,15.09,1575506822,LY
461,34.0,69,10.29,90,44.39,-89.82,1575506822,US
462,62.6,72,4.97,20,-34.52,-56.28,1575506822,UY
463,41.0,65,6.93,99,40.91,69.8,1575506822,UZ
464,48.2,81,4.7,0,27.67,54.14,1575506822,IR
465,69.12,81,1.66,27,-12.93,34.19,1575506823,MW
466,57.2,87,2.3,0,18.39,42.45,1575506823,SA
467,86.95,41,2.39,73,-20.56,164.28,1575506823,NC
468,-21.91,89,3.58,0,54.05,122.9,1575506823,RU
469,79.47,80,4.68,51,-6.97,111.41,1575506823,ID
470,29.82,83,13.96,72,49.67,32.04,1575506823,UA
471,57.99,93,5.19,90,37.46,-122.43,1575506824,US
472,53.6,58,11.41,75,34.7,138.93,1575506824,JP
473,78.06,81,4.99,54,-1.94,-50.82,1575506824,BR
474,57.2,71,2.21,90,39.15,-123.21,1575506824,US
475,35.47,96,10.25,100,58.81,33.39,1575506824,RU
476,40.5,74,17.09,67,70.03,20.97,1575506824,NO
477,36.0,90,3.36,0,52.47,1.45,1575506825,GB
478,74.41,93,9.13,98,-23.49,-58.8,1575506825,PY
479,28.4,79,1.12,0,43.71,17.23,1575506825,BA
480,54.95,48,4.41,6,-36.62,-64.29,1575506825,AR
481,-0.71,95,9.64,78,66.32,-179.17,1575506825,RU
482,24.8,58,5.82,20,43.32,145.57,1575506825,JP
483,75.2,88,3.67,40,5.43,7.07,1575506826,NG
484,51.8,86,5.14,1,34.75,-87.67,1575506826,US
485,33.8,92,16.11,40,71.03,27.85,1575506826,NO
486,42.01,93,9.17,40,51.96,-8.06,1575506826,IE
487,10.15,97,2.3,71,61.08,50.08,1575506826,RU
488,71.89,91,3.09,19,-13.13,39.0,1575506826,MZ
489,78.8,57,17.22,40,16.38,-93.6,1575506826,MX
490,35.01,68,6.71,43,39.75,116.14,1575506827,CN
491,48.2,77,4.7,0,52.96,4.76,1575506827,NL
492,67.5,86,17.78,20,-35.62,174.5,1575506827,NZ
493,41.0,80,19.46,75,71.0,24.66,1575506827,NO
494,82.4,78,11.41,20,17.88,-76.41,1575506827,JM
495,60.8,67,19.46,40,32.65,-17.07,1575506827,PT
496,81.48,76,1.79,100,-0.91,122.88,1575506828,ID
497,75.97,92,8.48,87,-23.27,-57.32,1575506828,PY
498,55.06,46,3.8,90,24.07,85.88,1575506828,IN
499,57.0,100,8.05,90,33.76,-116.42,1575506828,US
500,64.51,21,4.34,95,26.59,12.77,1575506829,LY
501,93.0,23,10.29,0,-28.65,153.62,1575506829,AU
502,9.0,65,6.93,75,60.72,-135.06,1575506712,CA
503,79.47,87,3.24,67,13.32,122.68,1575506829,PH
504,30.15,86,0.25,100,38.23,44.7,1575506829,IR
505,-9.06,93,2.08,23,50.36,108.75,1575506829,RU
506,15.12,93,7.87,54,55.31,53.19,1575506829,RU
507,66.31,19,2.91,0,15.01,-2.95,1575506830,ML
508,42.01,93,6.93,75,51.59,-3.0,1575506702,GB
509,42.04,89,5.46,37,-31.4,26.36,1575506830,ZA
510,82.4,78,17.22,40,12.15,-68.27,1575506830,BQ
511,62.6,67,19.46,40,32.63,-16.85,1575506830,PT
512,33.8,100,2.24,100,61.69,27.27,1575506830,FI
513,41.0,75,38.03,75,69.39,20.27,1575506831,NO
514,66.76,82,2.26,96,14.68,-86.92,1575506831,HN
515,75.45,94,2.39,93,3.87,-67.92,1575506831,CO
516,60.57,77,21.09,45,38.2,20.43,1575506831,GR
517,95.0,9,9.17,0,-27.58,153.3,1575506831,AU
518,41.0,100,2.24,90,51.78,-1.49,1575506601,GB
519,82.65,58,11.63,100,-16.54,28.71,1575506832,ZW
520,-20.85,98,3.44,100,62.52,149.63,1575506832,RU
521,72.25,24,15.99,86,24.14,67.45,1575506832,PK
522,34.86,71,6.82,0,52.6,15.5,1575506832,PL
523,18.59,56,1.68,0,42.84,93.51,1575506832,CN
524,37.4,59,6.71,100,42.87,74.49,1575506833,KG
525,66.83,81,6.73,42,-9.08,-78.59,1575506833,PE
526,-14.84,87,0.78,87,54.33,110.32,1575506833,RU
527,28.0,85,2.42,1,49.19,12.52,1575506833,DE
528,93.0,12,10.29,0,-28.95,153.24,1575506833,AU
529,-42.05,97,4.05,79,62.65,135.58,1575506833,RU
530,46.49,83,0.83,100,31.15,106.5,1575506833,CN
531,1.69,97,2.51,62,57.69,93.28,1575506834,RU
532,16.92,54,2.73,0,40.29,97.04,1575506834,CN
533,19.0,72,6.93,5,48.41,-89.26,1575506595,CA
534,73.78,14,6.42,0,14.1,-1.63,1575506834,BF
535,41.0,100,1.99,80,47.17,-55.16,1575506834,CA
536,-0.76,90,2.24,69,50.72,136.64,1575506834,RU
537,72.27,87,11.39,90,-9.67,-37.13,1575506835,BR
538,58.73,44,6.55,57,23.07,86.96,1575506835,IN
539,33.8,94,6.93,90,58.3,-134.42,1575506835,US
540,55.0,87,5.46,96,38.73,-27.07,1575506835,PT
541,74.79,92,3.04,38,-14.86,-66.75,1575506835,BO
542,66.42,19,7.38,19,18.69,12.92,1575506835,NE
543,67.6,93,4.07,100,-11.56,20.78,1575506835,AO
544,51.01,46,9.17,75,35.76,139.74,1575506836,JP
545,36.59,36,2.98,14,34.66,112.42,1575506836,CN
546,48.0,98,5.99,100,-26.16,29.72,1575506836,ZA
547,61.47,40,6.46,0,20.52,-13.05,1575506638,MR
548,9.55,94,6.71,99,49.69,-83.67,1575506836,CA
549,23.88,72,11.61,81,52.25,79.17,1575506836,RU
550,84.2,74,6.93,75,-18.65,-173.98,1575506837,TO
551,-2.27,74,12.84,72,47.69,131.09,1575506837,CN
552,73.44,23,11.61,0,12.35,32.18,1575506837,SD
553,93.2,38,4.7,17,-23.13,150.74,1575506837,AU
554,89.01,66,8.05,40,-17.27,145.48,1575506837,AU
555,42.8,87,26.4,100,65.54,13.39,1575506837,NO
556,81.61,67,3.44,79,-2.0,-54.07,1575506838,BR
557,62.71,94,0.96,70,-5.71,-78.81,1575506838,PE
558,1.72,71,12.68,100,59.63,112.75,1575506838,RU
559,24.8,68,3.36,75,50.2,-66.38,1575506838,CA
560,85.01,66,5.39,0,-20.74,116.85,1575506838,AU
561,39.0,88,20.0,71,48.65,-53.11,1575506838,CA
562,-21.57,98,3.87,100,68.54,146.19,1575506839,RU
